Framework,Mean,StdDev
EU AI Act (2024),4.7,0.48304589153964794
US EO 14110 (2023),4.0,0.4714045207910317
Saudi SDAIA (2023–2025),3.9,0.31622776601683794
