Framework,Mean,StdDev
EU AI Act (2024),4.7,0.48304589153964794
Saudi SDAIA (2023–2025),3.7,0.48304589153964794
US EO 14110 (2023),3.6,0.5163977794943223
